"Produkt_Code","SDO_ID","Zeitstempel","Wert","Qualitaet_Niveau","Qualitaet_Byte"
"TXK_MN004","2597","20160101","2.6","3","0"
"TXK_MN004","2597","20160102","1.1","3","0"
"TXK_MN004","2597","20160103","0.2","3","0"
"TXK_MN004","2597","20160104","-0.5","3","0"
"TXK_MN004","2597","20160105","1","3","0"
"TXK_MN004","2597","20160106","1.8","3","0"
"TXK_MN004","2597","20160107","5.7","3","0"
"TXK_MN004","2597","20160108","5.8","3","0"
"TXK_MN004","2597","20160109","1.8","3","0"
"TXK_MN004","2597","20160110","6.2","3","0"
"TXK_MN004","2597","20160111","5.2","3","0"
"TXK_MN004","2597","20160112","5.7","3","0"
"TXK_MN004","2597","20160113","5.2","3","0"
"TXK_MN004","2597","20160114","4.1","3","0"
"TXK_MN004","2597","20160115","2.4","3","0"
"TXK_MN004","2597","20160116","0.8","3","0"
"TXK_MN004","2597","20160117","-0.1","3","0"
"TXK_MN004","2597","20160118","-6.3","3","0"
"TXK_MN004","2597","20160119","-7.3","3","0"
"TXK_MN004","2597","20160120","-1","3","0"
"TXK_MN004","2597","20160121","-1.9","3","0"
"TXK_MN004","2597","20160122","-4.7","3","0"
"TXK_MN004","2597","20160123","3.4","3","0"
"TXK_MN004","2597","20160124","2.4","3","0"
"TXK_MN004","2597","20160125","6.5","3","0"
"TXK_MN004","2597","20160126","9.7","3","0"
"TXK_MN004","2597","20160127","12.9","3","0"
"TXK_MN004","2597","20160128","12","3","0"
"TXK_MN004","2597","20160129","8.2","3","0"
"TXK_MN004","2597","20160130","7.3","3","0"
"TXK_MN004","2597","20160131","9.4","3","0"
"TXK_MN004","2597","20160201","11.8","3","0"
"TXK_MN004","2597","20160202","11.1","3","0"
"TXK_MN004","2597","20160203","6","3","0"
"TXK_MN004","2597","20160204","3.2","3","0"
"TXK_MN004","2597","20160205","5.1","3","0"
"TXK_MN004","2597","20160206","9.1","3","0"
"TXK_MN004","2597","20160207","8.1","3","0"
"TXK_MN004","2597","20160208","8.6","3","0"
"TXK_MN004","2597","20160209","9.3","3","0"
"TXK_MN004","2597","20160210","4.2","3","0"
"TXK_MN004","2597","20160211","5.7","3","0"
"TXK_MN004","2597","20160212","6.2","3","0"
"TXK_MN004","2597","20160213","2.6","3","0"
"TXK_MN004","2597","20160214","6.5","3","0"
"TXK_MN004","2597","20160215","5.2","3","0"
"TXK_MN004","2597","20160216","1.4","3","0"
"TXK_MN004","2597","20160217","1.6","3","0"
"TXK_MN004","2597","20160218","6.1","3","0"
"TXK_MN004","2597","20160219","1.8","3","0"
"TXK_MN004","2597","20160220","8.5","3","0"
"TXK_MN004","2597","20160221","11.5","3","0"
"TXK_MN004","2597","20160222","11.1","3","0"
"TXK_MN004","2597","20160223","4.1","3","0"
"TXK_MN004","2597","20160224","5","3","0"
"TXK_MN004","2597","20160225","4.5","3","0"
"TXK_MN004","2597","20160226","3","3","0"
"TXK_MN004","2597","20160227","6.3","3","0"
"TXK_MN004","2597","20160228","4.8","3","0"
"TXK_MN004","2597","20160229","2.7","3","0"
"TXK_MN004","2597","20160301","5.3","3","0"
"TXK_MN004","2597","20160302","6.2","3","0"
"TXK_MN004","2597","20160303","5.3","3","0"
"TXK_MN004","2597","20160304","6.6","3","0"
"TXK_MN004","2597","20160305","6.2","3","0"
"TXK_MN004","2597","20160306","4.4","3","0"
"TXK_MN004","2597","20160307","4.3","3","0"
"TXK_MN004","2597","20160308","5.4","3","0"
"TXK_MN004","2597","20160309","6.5","3","0"
"TXK_MN004","2597","20160310","8.6","3","0"
"TXK_MN004","2597","20160311","7.9","3","0"
"TXK_MN004","2597","20160312","4.7","3","0"
"TXK_MN004","2597","20160313","8.5","3","0"
"TXK_MN004","2597","20160314","8","3","0"
"TXK_MN004","2597","20160315","6.9","3","0"
"TXK_MN004","2597","20160316","7.5","3","0"
"TXK_MN004","2597","20160317","12.5","3","0"
"TXK_MN004","2597","20160318","14.8","3","0"
"TXK_MN004","2597","20160319","6.1","3","0"
"TXK_MN004","2597","20160320","6.1","3","0"
"TXK_MN004","2597","20160321","9","3","0"
"TXK_MN004","2597","20160322","8.5","3","0"
"TXK_MN004","2597","20160323","9.9","3","0"
"TXK_MN004","2597","20160324","10.2","3","0"
"TXK_MN004","2597","20160325","6.5","3","0"
"TXK_MN004","2597","20160326","11.7","3","0"
"TXK_MN004","2597","20160327","10.3","3","0"
"TXK_MN004","2597","20160328","12.5","3","0"
"TXK_MN004","2597","20160329","11.5","3","0"
"TXK_MN004","2597","20160330","10","3","0"
"TXK_MN004","2597","20160331","10.4","3","0"
"TXK_MN004","2597","20160401","10.3","3","0"
"TXK_MN004","2597","20160402","16.8","3","0"
"TXK_MN004","2597","20160403","20.2","3","0"
"TXK_MN004","2597","20160404","19.8","3","0"
"TXK_MN004","2597","20160405","17.4","3","0"
"TXK_MN004","2597","20160406","14.5","3","0"
"TXK_MN004","2597","20160407","11.5","3","0"
"TXK_MN004","2597","20160408","13.5","3","0"
"TXK_MN004","2597","20160409","13.5","3","0"
"TXK_MN004","2597","20160410","14.8","3","0"
"TXK_MN004","2597","20160411","11.6","3","0"
"TXK_MN004","2597","20160412","15.7","3","0"
"TXK_MN004","2597","20160413","12.7","3","0"
"TXK_MN004","2597","20160414","15.9","3","0"
"TXK_MN004","2597","20160415","15.3","3","0"
"TXK_MN004","2597","20160416","13.3","3","0"
"TXK_MN004","2597","20160417","11.3","3","0"
"TXK_MN004","2597","20160418","13.7","3","0"
"TXK_MN004","2597","20160419","12.4","3","0"
"TXK_MN004","2597","20160420","15.2","3","0"
"TXK_MN004","2597","20160421","20.1","3","0"
"TXK_MN004","2597","20160422","16.2","3","0"
"TXK_MN004","2597","20160423","8.9","3","0"
"TXK_MN004","2597","20160424","8.5","3","0"
"TXK_MN004","2597","20160425","6.8","3","0"
"TXK_MN004","2597","20160426","7.7","3","0"
"TXK_MN004","2597","20160427","5.5","3","0"
"TXK_MN004","2597","20160428","10.2","3","0"
"TXK_MN004","2597","20160429","13.5","3","0"
"TXK_MN004","2597","20160430","16.9","3","0"
"TXK_MN004","2597","20160501","17.2","3","0"
"TXK_MN004","2597","20160502","19.2","3","0"
"TXK_MN004","2597","20160503","16.4","3","0"
"TXK_MN004","2597","20160504","14.3","3","0"
"TXK_MN004","2597","20160505","18.9","3","0"
"TXK_MN004","2597","20160506","22.9","3","0"
"TXK_MN004","2597","20160507","23.7","3","0"
"TXK_MN004","2597","20160508","22.8","3","0"
"TXK_MN004","2597","20160509","23.7","3","0"
"TXK_MN004","2597","20160510","23.6","3","0"
"TXK_MN004","2597","20160511","22","3","0"
"TXK_MN004","2597","20160512","20.3","3","0"
"TXK_MN004","2597","20160513","21.6","3","0"
"TXK_MN004","2597","20160514","12.9","3","0"
"TXK_MN004","2597","20160515","10.4","3","0"
"TXK_MN004","2597","20160516","12.3","3","0"
"TXK_MN004","2597","20160517","13.3","3","0"
"TXK_MN004","2597","20160518","18.4","3","0"
"TXK_MN004","2597","20160519","16.4","3","0"
"TXK_MN004","2597","20160520","19.1","3","0"
"TXK_MN004","2597","20160521","22.1","3","0"
"TXK_MN004","2597","20160522","27.2","3","0"
"TXK_MN004","2597","20160523","15.9","3","0"
"TXK_MN004","2597","20160524","12.3","3","0"
"TXK_MN004","2597","20160525","14.5","3","0"
"TXK_MN004","2597","20160526","22","3","0"
"TXK_MN004","2597","20160527","21.7","3","0"
"TXK_MN004","2597","20160528","24.4","3","0"
"TXK_MN004","2597","20160529","23.6","3","0"
"TXK_MN004","2597","20160530","19.5","3","0"
"TXK_MN004","2597","20160531","21.4","3","0"
"TXK_MN004","2597","20160601","20.9","3","0"
"TXK_MN004","2597","20160602","19.8","3","0"
"TXK_MN004","2597","20160603","18.2","3","0"
"TXK_MN004","2597","20160604","23.9","3","0"
"TXK_MN004","2597","20160605","25.5","3","0"
"TXK_MN004","2597","20160606","25.9","3","0"
"TXK_MN004","2597","20160607","26.8","3","0"
"TXK_MN004","2597","20160608","22.4","3","0"
"TXK_MN004","2597","20160609","20.2","3","0"
"TXK_MN004","2597","20160610","21.3","3","0"
"TXK_MN004","2597","20160611","20.8","3","0"
"TXK_MN004","2597","20160612","18.2","3","0"
"TXK_MN004","2597","20160613","19.9","3","0"
"TXK_MN004","2597","20160614","19.7","3","0"
"TXK_MN004","2597","20160615","17.9","3","0"
"TXK_MN004","2597","20160616","17.4","3","0"
"TXK_MN004","2597","20160617","19.1","3","0"
"TXK_MN004","2597","20160618","19.6","3","0"
"TXK_MN004","2597","20160619","18.3","3","0"
"TXK_MN004","2597","20160620","20.9","3","0"
"TXK_MN004","2597","20160621","22.3","3","0"
"TXK_MN004","2597","20160622","27","3","0"
"TXK_MN004","2597","20160623","30.9","3","0"
"TXK_MN004","2597","20160624","31.7","3","0"
"TXK_MN004","2597","20160625","26.4","3","0"
"TXK_MN004","2597","20160626","21.8","3","0"
"TXK_MN004","2597","20160627","19.8","3","0"
"TXK_MN004","2597","20160628","20.2","3","0"
"TXK_MN004","2597","20160629","24.1","3","0"
"TXK_MN004","2597","20160630","23","3","0"
"TXK_MN004","2597","20160701","25.2","3","0"
"TXK_MN004","2597","20160702","19.7","3","0"
"TXK_MN004","2597","20160703","20.8","3","0"
"TXK_MN004","2597","20160704","21.5","3","0"
"TXK_MN004","2597","20160705","24.2","3","0"
"TXK_MN004","2597","20160706","21.5","3","0"
"TXK_MN004","2597","20160707","23.9","3","0"
"TXK_MN004","2597","20160708","26.9","3","0"
"TXK_MN004","2597","20160709","25.4","3","0"
"TXK_MN004","2597","20160710","30.9","3","0"
"TXK_MN004","2597","20160711","29","3","0"
"TXK_MN004","2597","20160712","21.9","3","0"
"TXK_MN004","2597","20160713","22","3","0"
"TXK_MN004","2597","20160714","19.5","3","0"
"TXK_MN004","2597","20160715","19.6","3","0"
"TXK_MN004","2597","20160716","24","3","0"
"TXK_MN004","2597","20160717","26.6","3","0"
"TXK_MN004","2597","20160718","27.8","3","0"
"TXK_MN004","2597","20160719","30","3","0"
"TXK_MN004","2597","20160720","33","3","0"
"TXK_MN004","2597","20160721","23.5","3","0"
"TXK_MN004","2597","20160722","29.9","3","0"
"TXK_MN004","2597","20160723","24.1","3","0"
"TXK_MN004","2597","20160724","26.6","3","0"
"TXK_MN004","2597","20160725","27.4","3","0"
"TXK_MN004","2597","20160726","28.6","3","0"
"TXK_MN004","2597","20160727","26.5","3","0"
"TXK_MN004","2597","20160728","24.8","3","0"
"TXK_MN004","2597","20160729","25.3","3","0"
"TXK_MN004","2597","20160730","26.1","3","0"
"TXK_MN004","2597","20160731","24.4","3","0"
"TXK_MN004","2597","20160801","22.1","3","0"
"TXK_MN004","2597","20160802","17.7","3","0"
"TXK_MN004","2597","20160803","21.8","3","0"
"TXK_MN004","2597","20160804","23.9","3","0"
"TXK_MN004","2597","20160805","22","3","0"
"TXK_MN004","2597","20160806","23.2","3","0"
"TXK_MN004","2597","20160807","26.2","3","0"
"TXK_MN004","2597","20160808","27","3","0"
"TXK_MN004","2597","20160809","21","3","0"
"TXK_MN004","2597","20160810","17.8","3","0"
"TXK_MN004","2597","20160811","17.6","3","0"
"TXK_MN004","2597","20160812","18","3","0"
"TXK_MN004","2597","20160813","26.8","3","0"
"TXK_MN004","2597","20160814","25.6","3","0"
"TXK_MN004","2597","20160815","25.9","3","0"
"TXK_MN004","2597","20160816","25.2","3","0"
"TXK_MN004","2597","20160817","24.2","3","0"
"TXK_MN004","2597","20160818","26.2","3","0"
"TXK_MN004","2597","20160819","26.9","3","0"
"TXK_MN004","2597","20160820","25.1","3","0"
"TXK_MN004","2597","20160821","19.8","3","0"
"TXK_MN004","2597","20160822","21.5","3","0"
"TXK_MN004","2597","20160823","27.6","3","0"
"TXK_MN004","2597","20160824","30.6","3","0"
"TXK_MN004","2597","20160825","32.4","3","0"
"TXK_MN004","2597","20160826","32.6","3","0"
"TXK_MN004","2597","20160827","34.2","3","0"
"TXK_MN004","2597","20160828","33.8","3","0"
"TXK_MN004","2597","20160829","25.5","3","0"
"TXK_MN004","2597","20160830","24.4","3","0"
"TXK_MN004","2597","20160831","27.1","3","0"
"TXK_MN004","2597","20160901","26.9","3","0"
"TXK_MN004","2597","20160902","26.7","3","0"
"TXK_MN004","2597","20160903","26.1","3","0"
"TXK_MN004","2597","20160904","20.8","3","0"
"TXK_MN004","2597","20160905","19.3","3","0"
"TXK_MN004","2597","20160906","24.3","3","0"
"TXK_MN004","2597","20160907","26.5","3","0"
"TXK_MN004","2597","20160908","28.9","3","0"
"TXK_MN004","2597","20160909","26.6","3","0"
"TXK_MN004","2597","20160910","29.1","3","0"
"TXK_MN004","2597","20160911","29.3","3","0"
"TXK_MN004","2597","20160912","31.3","3","0"
"TXK_MN004","2597","20160913","31.9","3","0"
"TXK_MN004","2597","20160914","30.2","3","0"
"TXK_MN004","2597","20160915","29.9","3","0"
"TXK_MN004","2597","20160916","23","3","0"
"TXK_MN004","2597","20160917","18.1","3","0"
"TXK_MN004","2597","20160918","18.5","3","0"
"TXK_MN004","2597","20160919","14.6","3","0"
"TXK_MN004","2597","20160920","17.8","3","0"
"TXK_MN004","2597","20160921","19.2","3","0"
"TXK_MN004","2597","20160922","20.9","3","0"
"TXK_MN004","2597","20160923","21.5","3","0"
"TXK_MN004","2597","20160924","22.5","3","0"
"TXK_MN004","2597","20160925","24","3","0"
"TXK_MN004","2597","20160926","20.4","3","0"
"TXK_MN004","2597","20160927","22","3","0"
"TXK_MN004","2597","20160928","21.9","3","0"
"TXK_MN004","2597","20160929","24.2","3","0"
"TXK_MN004","2597","20160930","20","3","0"
"TXK_MN004","2597","20161001","17","3","0"
"TXK_MN004","2597","20161002","16.6","3","0"
"TXK_MN004","2597","20161003","14.3","3","0"
"TXK_MN004","2597","20161004","14.3","3","0"
"TXK_MN004","2597","20161005","11.4","3","0"
"TXK_MN004","2597","20161006","11.7","3","0"
"TXK_MN004","2597","20161007","12.6","3","0"
"TXK_MN004","2597","20161008","12.6","3","0"
"TXK_MN004","2597","20161009","11.1","3","0"
"TXK_MN004","2597","20161010","12","3","0"
"TXK_MN004","2597","20161011","9.8","3","0"
"TXK_MN004","2597","20161012","8.4","3","0"
"TXK_MN004","2597","20161013","10.3","3","0"
"TXK_MN004","2597","20161014","14.8","3","0"
"TXK_MN004","2597","20161015","12.3","3","0"
"TXK_MN004","2597","20161016","18.9","3","0"
"TXK_MN004","2597","20161017","14.8","3","0"
"TXK_MN004","2597","20161018","15.2","3","0"
"TXK_MN004","2597","20161019","10.1","3","0"
"TXK_MN004","2597","20161020","7.6","3","0"
"TXK_MN004","2597","20161021","8.4","3","0"
"TXK_MN004","2597","20161022","8.7","3","0"
"TXK_MN004","2597","20161023","11.2","3","0"
"TXK_MN004","2597","20161024","10","3","0"
"TXK_MN004","2597","20161025","13.6","3","0"
"TXK_MN004","2597","20161026","12.2","3","0"
"TXK_MN004","2597","20161027","12.5","3","0"
"TXK_MN004","2597","20161028","12.3","3","0"
"TXK_MN004","2597","20161029","12.7","3","0"
"TXK_MN004","2597","20161030","11.3","3","0"
"TXK_MN004","2597","20161031","13.4","3","0"
"TXK_MN004","2597","20161101","7.1","3","0"
"TXK_MN004","2597","20161102","8.9","3","0"
"TXK_MN004","2597","20161103","7.6","3","0"
"TXK_MN004","2597","20161104","5.5","3","0"
"TXK_MN004","2597","20161105","7.2","3","0"
"TXK_MN004","2597","20161106","7.4","3","0"
"TXK_MN004","2597","20161107","4.7","3","0"
"TXK_MN004","2597","20161108","3.4","3","0"
"TXK_MN004","2597","20161109","4.1","3","0"
"TXK_MN004","2597","20161110","4","3","0"
"TXK_MN004","2597","20161111","4.2","3","0"
"TXK_MN004","2597","20161112","1.4","3","0"
"TXK_MN004","2597","20161113","2.7","3","0"
"TXK_MN004","2597","20161114","4.5","3","0"
"TXK_MN004","2597","20161115","3.1","3","0"
"TXK_MN004","2597","20161116","9.6","3","0"
"TXK_MN004","2597","20161117","10.5","3","0"
"TXK_MN004","2597","20161118","12.5","3","0"
"TXK_MN004","2597","20161119","6.4","3","0"
"TXK_MN004","2597","20161120","12.1","3","0"
"TXK_MN004","2597","20161121","10.1","3","0"
"TXK_MN004","2597","20161122","9.2","3","0"
"TXK_MN004","2597","20161123","9.6","3","0"
"TXK_MN004","2597","20161124","12.4","3","0"
"TXK_MN004","2597","20161125","7","3","0"
"TXK_MN004","2597","20161126","7.2","3","0"
"TXK_MN004","2597","20161127","7","3","0"
"TXK_MN004","2597","20161128","2.1","3","0"
"TXK_MN004","2597","20161129","1.6","3","0"
"TXK_MN004","2597","20161130","2.1","3","0"
"TXK_MN004","2597","20161201","3.8","3","0"
"TXK_MN004","2597","20161202","5.9","3","0"
"TXK_MN004","2597","20161203","2.6","3","0"
"TXK_MN004","2597","20161204","2.1","3","0"
"TXK_MN004","2597","20161205","0.1","3","0"
"TXK_MN004","2597","20161206","-3","3","0"
"TXK_MN004","2597","20161207","-1.7","3","0"
"TXK_MN004","2597","20161208","-1.1","3","0"
"TXK_MN004","2597","20161209","3.4","3","0"
"TXK_MN004","2597","20161210","7.8","3","0"
"TXK_MN004","2597","20161211","8.1","3","0"
"TXK_MN004","2597","20161212","7.3","3","0"
"TXK_MN004","2597","20161213","5.3","3","0"
"TXK_MN004","2597","20161214","5.6","3","0"
"TXK_MN004","2597","20161215","5.5","3","0"
"TXK_MN004","2597","20161216","2.1","3","0"
"TXK_MN004","2597","20161217","-0.6","3","0"
"TXK_MN004","2597","20161218","2","3","0"
"TXK_MN004","2597","20161219","2.4","3","0"
"TXK_MN004","2597","20161220","-0.2","3","0"
"TXK_MN004","2597","20161221","-0.9","3","0"
"TXK_MN004","2597","20161222","-0.4","3","0"
"TXK_MN004","2597","20161223","1.5","3","0"
"TXK_MN004","2597","20161224","6.8","3","0"
"TXK_MN004","2597","20161225","7.7","3","0"
"TXK_MN004","2597","20161226","8.5","3","0"
"TXK_MN004","2597","20161227","5.3","3","0"
"TXK_MN004","2597","20161228","5.7","3","0"
"TXK_MN004","2597","20161229","6.3","3","0"
"TXK_MN004","2597","20161230","-1.9","3","0"
"TXK_MN004","2597","20161231","-4.4","3","0"
"TXK_MN004","2597","20170101","-3.3","3","0"
"TXK_MN004","2597","20170102","0.3","3","0"
"TXK_MN004","2597","20170103","1","3","0"
"TXK_MN004","2597","20170104","2.6","3","0"
"TXK_MN004","2597","20170105","0.4","3","0"
"TXK_MN004","2597","20170106","-4.2","3","0"
"TXK_MN004","2597","20170107","-4.6","3","0"
"TXK_MN004","2597","20170108","1","3","0"
"TXK_MN004","2597","20170109","0.4","3","0"
"TXK_MN004","2597","20170110","0.2","3","0"
"TXK_MN004","2597","20170111","3.4","3","0"
"TXK_MN004","2597","20170112","4.1","3","0"
"TXK_MN004","2597","20170113","5.3","3","0"
"TXK_MN004","2597","20170114","1.8","3","0"
"TXK_MN004","2597","20170115","0.4","3","0"
"TXK_MN004","2597","20170116","-2.1","3","0"
"TXK_MN004","2597","20170117","-1.2","3","0"
"TXK_MN004","2597","20170118","-2.7","3","0"
"TXK_MN004","2597","20170119","0.2","3","0"
"TXK_MN004","2597","20170120","3.5","3","0"
"TXK_MN004","2597","20170121","2.2","3","0"
"TXK_MN004","2597","20170122","-0.5","3","0"
"TXK_MN004","2597","20170123","-1.6","3","0"
"TXK_MN004","2597","20170124","-4.3","3","0"
"TXK_MN004","2597","20170125","-0.8","3","0"
"TXK_MN004","2597","20170126","0.8","3","0"
"TXK_MN004","2597","20170127","0.7","3","0"
"TXK_MN004","2597","20170128","0.4","3","0"
"TXK_MN004","2597","20170129","-0.5","3","0"
"TXK_MN004","2597","20170130","3.9","3","0"
"TXK_MN004","2597","20170131","4","3","0"
"TXK_MN004","2597","20170201","2.3","3","0"
"TXK_MN004","2597","20170202","1.9","3","0"
"TXK_MN004","2597","20170203","4.7","3","0"
"TXK_MN004","2597","20170204","4.7","3","0"
"TXK_MN004","2597","20170205","6.9","3","0"
"TXK_MN004","2597","20170206","4.8","3","0"
"TXK_MN004","2597","20170207","2.5","3","0"
"TXK_MN004","2597","20170208","2.6","3","0"
"TXK_MN004","2597","20170209","0","3","0"
"TXK_MN004","2597","20170210","1.2","3","0"
"TXK_MN004","2597","20170211","5.6","3","0"
"TXK_MN004","2597","20170212","1.3","3","0"
"TXK_MN004","2597","20170213","7.6","3","0"
"TXK_MN004","2597","20170214","9.4","3","0"
"TXK_MN004","2597","20170215","9.3","3","0"
"TXK_MN004","2597","20170216","9.2","3","0"
"TXK_MN004","2597","20170217","6.7","3","0"
"TXK_MN004","2597","20170218","6.1","3","0"
"TXK_MN004","2597","20170219","6.2","3","0"
"TXK_MN004","2597","20170220","8.1","3","0"
"TXK_MN004","2597","20170221","10.1","3","0"
"TXK_MN004","2597","20170222","10","3","0"
"TXK_MN004","2597","20170223","11.1","3","0"
"TXK_MN004","2597","20170224","7.3","3","0"
"TXK_MN004","2597","20170225","7.9","3","0"
"TXK_MN004","2597","20170226","12.2","3","0"
"TXK_MN004","2597","20170227","13.1","3","0"
"TXK_MN004","2597","20170228","7.7","3","0"
"TXK_MN004","2597","20170301","8.6","3","0"
"TXK_MN004","2597","20170302","8.9","3","0"
"TXK_MN004","2597","20170303","10.1","3","0"
"TXK_MN004","2597","20170304","15.1","3","0"
"TXK_MN004","2597","20170305","10.2","3","0"
"TXK_MN004","2597","20170306","6.7","3","0"
"TXK_MN004","2597","20170307","7.6","3","0"
"TXK_MN004","2597","20170308","7.6","3","0"
"TXK_MN004","2597","20170309","11","3","0"
"TXK_MN004","2597","20170310","10.1","3","0"
"TXK_MN004","2597","20170311","10.1","3","0"
"TXK_MN004","2597","20170312","10.8","3","0"
"TXK_MN004","2597","20170313","10.7","3","0"
"TXK_MN004","2597","20170314","14.5","3","0"
"TXK_MN004","2597","20170315","14.3","3","0"
"TXK_MN004","2597","20170316","16.2","3","0"
"TXK_MN004","2597","20170317","11.7","3","0"
"TXK_MN004","2597","20170318","9.6","3","0"
"TXK_MN004","2597","20170319","13","3","0"
"TXK_MN004","2597","20170320","12.7","3","0"
"TXK_MN004","2597","20170321","10.4","3","0"
"TXK_MN004","2597","20170322","7.2","3","0"
"TXK_MN004","2597","20170323","11.7","3","0"
"TXK_MN004","2597","20170324","12.4","3","0"
"TXK_MN004","2597","20170325","14.8","3","0"
"TXK_MN004","2597","20170326","13.5","3","0"
"TXK_MN004","2597","20170327","17.4","3","0"
"TXK_MN004","2597","20170328","20.1","3","0"
"TXK_MN004","2597","20170329","17.6","3","0"
"TXK_MN004","2597","20170330","19.9","3","0"
"TXK_MN004","2597","20170331","22.7","3","0"
"TXK_MN004","2597","20170401","22","3","0"
"TXK_MN004","2597","20170402","17.9","3","0"
"TXK_MN004","2597","20170403","17.5","3","0"
"TXK_MN004","2597","20170404","13.8","3","0"
"TXK_MN004","2597","20170405","14","3","0"
"TXK_MN004","2597","20170406","11.7","3","0"
"TXK_MN004","2597","20170407","12.3","3","0"
"TXK_MN004","2597","20170408","15","3","0"
"TXK_MN004","2597","20170409","20.7","3","0"
"TXK_MN004","2597","20170410","22","3","0"
"TXK_MN004","2597","20170411","11.8","3","0"
"TXK_MN004","2597","20170412","16.7","3","0"
"TXK_MN004","2597","20170413","12.1","3","0"
"TXK_MN004","2597","20170414","14.2","3","0"
"TXK_MN004","2597","20170415","12.1","3","0"
"TXK_MN004","2597","20170416","10.7","3","0"
"TXK_MN004","2597","20170417","9","3","0"
"TXK_MN004","2597","20170418","7.2","3","0"
"TXK_MN004","2597","20170419","5.8","3","0"
"TXK_MN004","2597","20170420","10.1","3","0"
"TXK_MN004","2597","20170421","13","3","0"
"TXK_MN004","2597","20170422","10.4","3","0"
"TXK_MN004","2597","20170423","9.3","3","0"
"TXK_MN004","2597","20170424","15","3","0"
"TXK_MN004","2597","20170425","9.7","3","0"
"TXK_MN004","2597","20170426","8.9","3","0"
"TXK_MN004","2597","20170427","10.3","3","0"
"TXK_MN004","2597","20170428","12.6","3","0"
"TXK_MN004","2597","20170429","14","3","0"
"TXK_MN004","2597","20170430","16.5","3","0"
"TXK_MN004","2597","20170501","13.9","3","0"
"TXK_MN004","2597","20170502","8.5","3","0"
"TXK_MN004","2597","20170503","14.5","3","0"
"TXK_MN004","2597","20170504","14.1","3","0"
"TXK_MN004","2597","20170505","13.2","3","0"
"TXK_MN004","2597","20170506","19.6","3","0"
"TXK_MN004","2597","20170507","18.5","3","0"
"TXK_MN004","2597","20170508","13.4","3","0"
"TXK_MN004","2597","20170509","10.9","3","0"
"TXK_MN004","2597","20170510","16.8","3","0"
"TXK_MN004","2597","20170511","21","3","0"
"TXK_MN004","2597","20170512","20.4","3","0"
"TXK_MN004","2597","20170513","21.8","3","0"
"TXK_MN004","2597","20170514","21.2","3","0"
"TXK_MN004","2597","20170515","20.2","3","0"
"TXK_MN004","2597","20170516","23.7","3","0"
"TXK_MN004","2597","20170517","25.7","3","0"
"TXK_MN004","2597","20170518","25.7","3","0"
"TXK_MN004","2597","20170519","20.3","3","0"
"TXK_MN004","2597","20170520","17.1","3","0"
"TXK_MN004","2597","20170521","20.4","3","0"
"TXK_MN004","2597","20170522","20.8","3","0"
"TXK_MN004","2597","20170523","24.6","3","0"
"TXK_MN004","2597","20170524","18.9","3","0"
"TXK_MN004","2597","20170525","21.7","3","0"
"TXK_MN004","2597","20170526","24.9","3","0"
"TXK_MN004","2597","20170527","27","3","0"
"TXK_MN004","2597","20170528","29.4","3","0"
"TXK_MN004","2597","20170529","31.2","3","3"
"TXK_MN004","2597","20170530","26.6","3","0"
"TXK_MN004","2597","20170531","23.6","3","0"
"TXK_MN004","2597","20170601","25","3","0"
"TXK_MN004","2597","20170602","27.1","3","0"
"TXK_MN004","2597","20170603","27.8","3","0"
"TXK_MN004","2597","20170604","20.8","3","0"
"TXK_MN004","2597","20170605","18","3","0"
"TXK_MN004","2597","20170606","19.8","3","0"
"TXK_MN004","2597","20170607","16.3","3","0"
"TXK_MN004","2597","20170608","20.9","3","0"
"TXK_MN004","2597","20170609","24.1","3","0"
"TXK_MN004","2597","20170610","23","3","0"
"TXK_MN004","2597","20170611","28.1","3","0"
"TXK_MN004","2597","20170612","24.2","3","0"
"TXK_MN004","2597","20170613","21","3","0"
"TXK_MN004","2597","20170614","24.9","3","0"
"TXK_MN004","2597","20170615","29","3","0"
"TXK_MN004","2597","20170616","22.6","3","0"
"TXK_MN004","2597","20170617","17.7","3","0"
"TXK_MN004","2597","20170618","26.1","3","0"
"TXK_MN004","2597","20170619","30.2","3","0"
"TXK_MN004","2597","20170620","32.5","3","0"
"TXK_MN004","2597","20170621","30.7","3","0"
"TXK_MN004","2597","20170622","34.2","3","0"
"TXK_MN004","2597","20170623","26.5","3","0"
"TXK_MN004","2597","20170624","25.7","3","0"
"TXK_MN004","2597","20170625","24.9","3","0"
"TXK_MN004","2597","20170626","25.6","3","0"
"TXK_MN004","2597","20170627","23.3","3","0"
"TXK_MN004","2597","20170628","24.2","3","0"
"TXK_MN004","2597","20170629","19.8","3","0"
"TXK_MN004","2597","20170630","21.9","3","0"
"TXK_MN004","2597","20170701","19.4","3","0"
"TXK_MN004","2597","20170702","20.6","3","0"
"TXK_MN004","2597","20170703","24.5","3","0"
"TXK_MN004","2597","20170704","25.9","3","0"
"TXK_MN004","2597","20170705","29.2","3","0"
"TXK_MN004","2597","20170706","32.4","3","0"
"TXK_MN004","2597","20170707","30.1","3","0"
"TXK_MN004","2597","20170708","29.4","3","0"
"TXK_MN004","2597","20170709","30.8","3","0"
"TXK_MN004","2597","20170710","25.7","3","0"
"TXK_MN004","2597","20170711","24.7","3","0"
"TXK_MN004","2597","20170712","18.8","3","0"
"TXK_MN004","2597","20170713","20.8","3","0"
"TXK_MN004","2597","20170714","22.2","3","0"
"TXK_MN004","2597","20170715","17.7","3","0"
"TXK_MN004","2597","20170716","24","3","0"
"TXK_MN004","2597","20170717","25.7","3","0"
"TXK_MN004","2597","20170718","29.6","3","0"
"TXK_MN004","2597","20170719","33.5","3","0"
"TXK_MN004","2597","20170720","23.6","3","0"
"TXK_MN004","2597","20170721","27.4","3","0"
"TXK_MN004","2597","20170722","28.4","3","0"
"TXK_MN004","2597","20170723","22.7","3","0"
"TXK_MN004","2597","20170724","18.3","3","0"
"TXK_MN004","2597","20170725","14","3","0"
"TXK_MN004","2597","20170726","16.6","3","0"
"TXK_MN004","2597","20170727","22","3","0"
"TXK_MN004","2597","20170728","21.7","3","0"
"TXK_MN004","2597","20170729","26.3","3","0"
"TXK_MN004","2597","20170730","29","3","0"
"TXK_MN004","2597","20170731","27.5","3","0"
"TXK_MN004","2597","20170801","29.1","3","0"
"TXK_MN004","2597","20170802","26.7","3","0"
"TXK_MN004","2597","20170803","27.1","3","0"
"TXK_MN004","2597","20170804","24.7","3","0"
"TXK_MN004","2597","20170805","25.9","3","0"
"TXK_MN004","2597","20170806","22","3","0"
"TXK_MN004","2597","20170807","25.1","3","0"
"TXK_MN004","2597","20170808","24.3","3","0"
"TXK_MN004","2597","20170809","24.1","3","0"
"TXK_MN004","2597","20170810","17.3","3","0"
"TXK_MN004","2597","20170811","16.5","3","0"
"TXK_MN004","2597","20170812","18.1","3","0"
"TXK_MN004","2597","20170813","23.1","3","0"
"TXK_MN004","2597","20170814","25.9","3","0"
"TXK_MN004","2597","20170815","28.3","3","0"
"TXK_MN004","2597","20170816","24.8","3","0"
"TXK_MN004","2597","20170817","25.9","3","0"
"TXK_MN004","2597","20170818","26.4","3","0"
"TXK_MN004","2597","20170819","20.4","3","0"
"TXK_MN004","2597","20170820","18.9","3","0"
"TXK_MN004","2597","20170821","20.1","3","0"
"TXK_MN004","2597","20170822","21.6","3","0"
"TXK_MN004","2597","20170823","24.9","3","0"
"TXK_MN004","2597","20170824","24.5","3","0"
"TXK_MN004","2597","20170825","26.5","3","0"
"TXK_MN004","2597","20170826","26.5","3","0"
"TXK_MN004","2597","20170827","24.5","3","0"
"TXK_MN004","2597","20170828","26.4","3","0"
"TXK_MN004","2597","20170829","28","3","0"
"TXK_MN004","2597","20170830","29.8","3","0"
"TXK_MN004","2597","20170831","20","3","0"
"TXK_MN004","2597","20170901","18.1","3","0"
"TXK_MN004","2597","20170902","18.9","3","0"
"TXK_MN004","2597","20170903","19.4","3","0"
"TXK_MN004","2597","20170904","21","3","0"
"TXK_MN004","2597","20170905","22.7","3","0"
"TXK_MN004","2597","20170906","22.3","3","0"
"TXK_MN004","2597","20170907","18.1","3","0"
"TXK_MN004","2597","20170908","18.1","3","0"
"TXK_MN004","2597","20170909","17","3","0"
"TXK_MN004","2597","20170910","19","3","0"
"TXK_MN004","2597","20170911","18.7","3","0"
"TXK_MN004","2597","20170912","16","3","0"
"TXK_MN004","2597","20170913","18.4","3","0"
"TXK_MN004","2597","20170914","11.7","3","0"
"TXK_MN004","2597","20170915","15.2","3","0"
"TXK_MN004","2597","20170916","15.2","3","0"
"TXK_MN004","2597","20170917","14.9","3","0"
"TXK_MN004","2597","20170918","14.4","3","0"
"TXK_MN004","2597","20170919","14.5","3","0"
"TXK_MN004","2597","20170920","14.4","3","0"
"TXK_MN004","2597","20170921","17.3","3","0"
"TXK_MN004","2597","20170922","18.5","3","0"
"TXK_MN004","2597","20170923","19.4","3","0"
"TXK_MN004","2597","20170924","16.9","3","0"
"TXK_MN004","2597","20170925","16.2","3","0"
"TXK_MN004","2597","20170926","17.6","3","0"
"TXK_MN004","2597","20170927","18.7","3","0"
"TXK_MN004","2597","20170928","20.1","3","0"
"TXK_MN004","2597","20170929","16.2","3","0"
"TXK_MN004","2597","20170930","21","3","0"
"TXK_MN004","2597","20171001","16.5","3","0"
"TXK_MN004","2597","20171002","14.7","3","0"
"TXK_MN004","2597","20171003","15","3","0"
"TXK_MN004","2597","20171004","14","3","0"
"TXK_MN004","2597","20171005","14.3","3","0"
"TXK_MN004","2597","20171006","11.4","3","0"
"TXK_MN004","2597","20171007","11.1","3","0"
"TXK_MN004","2597","20171008","14.4","3","0"
"TXK_MN004","2597","20171009","12.2","3","0"
"TXK_MN004","2597","20171010","12.8","3","0"
"TXK_MN004","2597","20171011","15.8","3","0"
"TXK_MN004","2597","20171012","18","3","0"
"TXK_MN004","2597","20171013","16.8","3","0"
"TXK_MN004","2597","20171014","20.5","3","0"
"TXK_MN004","2597","20171015","20.9","3","0"
"TXK_MN004","2597","20171016","20","3","0"
"TXK_MN004","2597","20171017","20.9","3","0"
"TXK_MN004","2597","20171018","16.8","3","0"
"TXK_MN004","2597","20171019","15.3","3","0"
"TXK_MN004","2597","20171020","16.1","3","0"
"TXK_MN004","2597","20171021","13.9","3","0"
"TXK_MN004","2597","20171022","11.1","3","0"
"TXK_MN004","2597","20171023","10.1","3","0"
"TXK_MN004","2597","20171024","12.1","3","0"
"TXK_MN004","2597","20171025","16.7","3","0"
"TXK_MN004","2597","20171026","15.4","3","0"
"TXK_MN004","2597","20171027","12.5","3","0"
"TXK_MN004","2597","20171028","9.3","3","0"
"TXK_MN004","2597","20171029","12.7","3","0"
"TXK_MN004","2597","20171030","8.7","3","0"
"TXK_MN004","2597","20171031","9.1","3","0"
"TXK_MN004","2597","20171101","11.3","3","0"
"TXK_MN004","2597","20171102","14","3","0"
"TXK_MN004","2597","20171103","11.4","3","0"
"TXK_MN004","2597","20171104","9","3","0"
"TXK_MN004","2597","20171105","9.1","3","0"
"TXK_MN004","2597","20171106","7.8","3","0"
"TXK_MN004","2597","20171107","9","3","0"
"TXK_MN004","2597","20171108","9.5","3","0"
"TXK_MN004","2597","20171109","8.5","3","0"
"TXK_MN004","2597","20171110","6.9","3","0"
"TXK_MN004","2597","20171111","6.5","3","0"
"TXK_MN004","2597","20171112","4","3","0"
"TXK_MN004","2597","20171113","6.6","3","0"
"TXK_MN004","2597","20171114","6.5","3","0"
"TXK_MN004","2597","20171115","3.8","3","0"
"TXK_MN004","2597","20171116","3.8","3","0"
"TXK_MN004","2597","20171117","4.3","3","0"
"TXK_MN004","2597","20171118","5.3","3","0"
"TXK_MN004","2597","20171119","5.3","3","0"
"TXK_MN004","2597","20171120","5.4","3","0"
"TXK_MN004","2597","20171121","7.9","3","0"
"TXK_MN004","2597","20171122","10.7","3","0"
"TXK_MN004","2597","20171123","11.6","3","0"
"TXK_MN004","2597","20171124","12.8","3","0"
"TXK_MN004","2597","20171125","8.6","3","0"
"TXK_MN004","2597","20171126","3.5","3","0"
"TXK_MN004","2597","20171127","4.2","3","0"
"TXK_MN004","2597","20171128","4.8","3","0"
"TXK_MN004","2597","20171129","3","3","0"
"TXK_MN004","2597","20171130","1.1","3","0"
"TXK_MN004","2597","20171201","0.9","3","0"
"TXK_MN004","2597","20171202","1.7","3","0"
"TXK_MN004","2597","20171203","-0.4","3","0"
"TXK_MN004","2597","20171204","3.5","3","0"
"TXK_MN004","2597","20171205","4.2","3","0"
"TXK_MN004","2597","20171206","5.1","3","0"
"TXK_MN004","2597","20171207","5.2","3","0"
"TXK_MN004","2597","20171208","6.2","3","0"
"TXK_MN004","2597","20171209","0.2","3","0"
"TXK_MN004","2597","20171210","5.6","3","0"
"TXK_MN004","2597","20171211","5.7","3","0"
"TXK_MN004","2597","20171212","6.1","3","0"
"TXK_MN004","2597","20171213","4.2","3","0"
"TXK_MN004","2597","20171214","5.2","3","0"
"TXK_MN004","2597","20171215","3.5","3","0"
"TXK_MN004","2597","20171216","2.5","3","0"
"TXK_MN004","2597","20171217","2.4","3","0"
"TXK_MN004","2597","20171218","1","3","0"
"TXK_MN004","2597","20171219","2.2","3","0"
"TXK_MN004","2597","20171220","3.5","3","0"
"TXK_MN004","2597","20171221","6.7","3","0"
"TXK_MN004","2597","20171222","8.1","3","0"
"TXK_MN004","2597","20171223","7.9","3","0"
"TXK_MN004","2597","20171224","7.7","3","0"
"TXK_MN004","2597","20171225","6.1","3","0"
"TXK_MN004","2597","20171226","5.3","3","0"
"TXK_MN004","2597","20171227","2.7","3","0"
"TXK_MN004","2597","20171228","3.7","3","0"
"TXK_MN004","2597","20171229","2.2","3","0"
"TXK_MN004","2597","20171230","10.3","3","0"
"TXK_MN004","2597","20171231","12.4","3","0"
"TXK_MN004","2597","20180101","10.5","3","0"
"TXK_MN004","2597","20180102","5.4","3","0"
"TXK_MN004","2597","20180103","7.9","3","0"
"TXK_MN004","2597","20180104","9.5","3","0"
"TXK_MN004","2597","20180105","8.9","3","0"
"TXK_MN004","2597","20180106","7.4","3","0"
"TXK_MN004","2597","20180107","5.8","3","0"
"TXK_MN004","2597","20180108","5.4","3","0"
"TXK_MN004","2597","20180109","6.9","3","0"
"TXK_MN004","2597","20180110","7.1","3","0"
"TXK_MN004","2597","20180111","5.8","3","0"
"TXK_MN004","2597","20180112","3.8","3","0"
"TXK_MN004","2597","20180113","4","3","0"
"TXK_MN004","2597","20180114","3.5","3","0"
"TXK_MN004","2597","20180115","3.9","3","0"
"TXK_MN004","2597","20180116","7.1","3","0"
"TXK_MN004","2597","20180117","2.2","3","0"
"TXK_MN004","2597","20180118","9.4","3","0"
"TXK_MN004","2597","20180119","3.8","3","0"
"TXK_MN004","2597","20180120","2.4","3","0"
"TXK_MN004","2597","20180121","3.5","3","0"
"TXK_MN004","2597","20180122","4.1","3","0"
"TXK_MN004","2597","20180123","7.1","3","0"
"TXK_MN004","2597","20180124","10.2","3","0"
"TXK_MN004","2597","20180125","10.1","3","0"
"TXK_MN004","2597","20180126","7.8","3","0"
"TXK_MN004","2597","20180127","7","3","0"
"TXK_MN004","2597","20180128","7.4","3","0"
"TXK_MN004","2597","20180129","9","3","0"
"TXK_MN004","2597","20180130","7.9","3","0"
"TXK_MN004","2597","20180131","7.9","3","0"
"TXK_MN004","2597","20180201","5.1","3","0"
"TXK_MN004","2597","20180202","2.7","3","0"
"TXK_MN004","2597","20180203","3.7","3","0"
"TXK_MN004","2597","20180204","0","3","0"
"TXK_MN004","2597","20180205","0.6","3","0"
"TXK_MN004","2597","20180206","-0.2","3","0"
"TXK_MN004","2597","20180207","3.3","3","0"
"TXK_MN004","2597","20180208","1.4","3","0"
"TXK_MN004","2597","20180209","-0.2","3","0"
"TXK_MN004","2597","20180210","1.6","3","0"
"TXK_MN004","2597","20180211","1.9","3","0"
"TXK_MN004","2597","20180212","2.8","3","0"
"TXK_MN004","2597","20180213","2.3","3","0"
"TXK_MN004","2597","20180214","2.8","3","0"
"TXK_MN004","2597","20180215","0.2","3","0"
"TXK_MN004","2597","20180216","5.1","3","0"
"TXK_MN004","2597","20180217","3","3","0"
"TXK_MN004","2597","20180218","4.6","3","0"
"TXK_MN004","2597","20180219","1.7","3","0"
"TXK_MN004","2597","20180220","1","3","0"
"TXK_MN004","2597","20180221","3","3","0"
"TXK_MN004","2597","20180222","1.6","3","0"
"TXK_MN004","2597","20180223","1.3","3","0"
"TXK_MN004","2597","20180224","0.4","3","0"
"TXK_MN004","2597","20180225","-2.1","3","0"
"TXK_MN004","2597","20180226","-4.5","3","0"
"TXK_MN004","2597","20180227","-4.2","3","0"
"TXK_MN004","2597","20180228","-5.5","3","0"
"TXK_MN004","2597","20180301","-0.1","3","0"
"TXK_MN004","2597","20180302","-0.8","3","0"
"TXK_MN004","2597","20180303","0","3","0"
"TXK_MN004","2597","20180304","4.7","3","0"
"TXK_MN004","2597","20180305","8.6","3","0"
"TXK_MN004","2597","20180306","4.9","3","0"
"TXK_MN004","2597","20180307","8","3","0"
"TXK_MN004","2597","20180308","9.2","3","0"
"TXK_MN004","2597","20180309","5.4","3","0"
"TXK_MN004","2597","20180310","12.5","3","0"
"TXK_MN004","2597","20180311","16.7","3","0"
"TXK_MN004","2597","20180312","11.8","3","0"
"TXK_MN004","2597","20180313","9.3","3","0"
"TXK_MN004","2597","20180314","7.5","3","0"
"TXK_MN004","2597","20180315","10.1","3","0"
"TXK_MN004","2597","20180316","8.2","3","0"
"TXK_MN004","2597","20180317","-0.9","3","0"
"TXK_MN004","2597","20180318","-1.9","3","0"
"TXK_MN004","2597","20180319","1","3","0"
"TXK_MN004","2597","20180320","1.1","3","0"
"TXK_MN004","2597","20180321","6.1","3","0"
"TXK_MN004","2597","20180322","2.4","3","0"
"TXK_MN004","2597","20180323","6.6","3","0"
"TXK_MN004","2597","20180324","10.4","3","0"
"TXK_MN004","2597","20180325","12.1","3","0"
"TXK_MN004","2597","20180326","8.3","3","0"
"TXK_MN004","2597","20180327","9.7","3","0"
"TXK_MN004","2597","20180328","9","3","0"
"TXK_MN004","2597","20180329","9.4","3","0"
"TXK_MN004","2597","20180330","12.9","3","0"
"TXK_MN004","2597","20180331","10.2","3","0"
"TXK_MN004","2597","20180401","8.7","3","0"
"TXK_MN004","2597","20180402","12.1","3","0"
"TXK_MN004","2597","20180403","19","3","0"
"TXK_MN004","2597","20180404","20.6","3","0"
"TXK_MN004","2597","20180405","12.6","3","0"
"TXK_MN004","2597","20180406","13.7","3","0"
"TXK_MN004","2597","20180407","21.5","3","0"
"TXK_MN004","2597","20180408","21.2","3","0"
"TXK_MN004","2597","20180409","21.8","3","0"
"TXK_MN004","2597","20180410","22.8","3","0"
"TXK_MN004","2597","20180411","16.4","3","0"
"TXK_MN004","2597","20180412","21.4","3","0"
"TXK_MN004","2597","20180413","12.3","3","0"
"TXK_MN004","2597","20180414","18.7","3","0"
"TXK_MN004","2597","20180415","20.3","3","0"
"TXK_MN004","2597","20180416","19.5","3","0"
"TXK_MN004","2597","20180417","21.2","3","0"
"TXK_MN004","2597","20180418","24.2","3","0"
"TXK_MN004","2597","20180419","26.3","3","0"
"TXK_MN004","2597","20180420","26.4","3","0"
"TXK_MN004","2597","20180421","25.9","3","0"
"TXK_MN004","2597","20180422","25.9","3","0"
"TXK_MN004","2597","20180423","21.2","3","0"
"TXK_MN004","2597","20180424","19","3","0"
"TXK_MN004","2597","20180425","18.2","3","0"
"TXK_MN004","2597","20180426","13.8","3","0"
"TXK_MN004","2597","20180427","17.9","3","0"
"TXK_MN004","2597","20180428","18.7","3","0"
"TXK_MN004","2597","20180429","24.6","3","0"
"TXK_MN004","2597","20180430","18","3","0"
"TXK_MN004","2597","20180501","13.1","3","0"
"TXK_MN004","2597","20180502","17","3","0"
"TXK_MN004","2597","20180503","18.4","3","0"
"TXK_MN004","2597","20180504","18.8","3","0"
"TXK_MN004","2597","20180505","21.5","3","0"
"TXK_MN004","2597","20180506","22.5","3","0"
"TXK_MN004","2597","20180507","24.7","3","0"
"TXK_MN004","2597","20180508","24.6","3","0"
"TXK_MN004","2597","20180509","26","3","0"
"TXK_MN004","2597","20180510","23.1","3","0"
"TXK_MN004","2597","20180511","19.3","3","0"
"TXK_MN004","2597","20180512","25.1","3","0"
"TXK_MN004","2597","20180513","25.6","3","0"
"TXK_MN004","2597","20180514","25.8","3","0"
"TXK_MN004","2597","20180515","20.7","3","0"
"TXK_MN004","2597","20180516","17.4","3","0"
"TXK_MN004","2597","20180517","19.3","3","0"
"TXK_MN004","2597","20180518","14.4","3","0"
"TXK_MN004","2597","20180519","19.1","3","0"
"TXK_MN004","2597","20180520","23.6","3","0"
"TXK_MN004","2597","20180521","24.4","3","0"
"TXK_MN004","2597","20180522","25.9","3","0"
"TXK_MN004","2597","20180523","24.8","3","0"
"TXK_MN004","2597","20180524","19","3","0"
"TXK_MN004","2597","20180525","24.8","3","0"
"TXK_MN004","2597","20180526","26.7","3","0"
"TXK_MN004","2597","20180527","27.7","3","0"
"TXK_MN004","2597","20180528","29.4","3","0"
"TXK_MN004","2597","20180529","29.2","3","0"
"TXK_MN004","2597","20180530","28.2","3","0"
"TXK_MN004","2597","20180531","29.5","3","0"
"TXK_MN004","2597","20180601","24.3","3","0"
"TXK_MN004","2597","20180602","23.9","3","0"
"TXK_MN004","2597","20180603","26.4","3","0"
"TXK_MN004","2597","20180604","28.5","3","0"
"TXK_MN004","2597","20180605","26.7","3","0"
"TXK_MN004","2597","20180606","29.1","3","0"
"TXK_MN004","2597","20180607","28.1","3","0"
"TXK_MN004","2597","20180608","28.2","3","0"
"TXK_MN004","2597","20180609","30.6","3","0"
"TXK_MN004","2597","20180610","27.2","3","0"
"TXK_MN004","2597","20180611","24.5","3","0"
"TXK_MN004","2597","20180612","18.6","3","0"
"TXK_MN004","2597","20180613","15.9","3","0"
"TXK_MN004","2597","20180614","20.1","3","0"
"TXK_MN004","2597","20180615","20.5","3","0"
"TXK_MN004","2597","20180616","24.8","3","0"
"TXK_MN004","2597","20180617","22.9","3","0"
"TXK_MN004","2597","20180618","23.1","3","0"
"TXK_MN004","2597","20180619","24.9","3","0"
"TXK_MN004","2597","20180620","28.5","3","0"
"TXK_MN004","2597","20180621","24.4","3","0"
"TXK_MN004","2597","20180622","16.4","3","0"
"TXK_MN004","2597","20180623","15.9","3","0"
"TXK_MN004","2597","20180624","20.2","3","0"
"TXK_MN004","2597","20180625","22.1","3","0"
"TXK_MN004","2597","20180626","23.9","3","0"
"TXK_MN004","2597","20180627","24.4","3","0"
"TXK_MN004","2597","20180628","26.3","3","0"
"TXK_MN004","2597","20180629","29.6","3","0"
"TXK_MN004","2597","20180630","25.8","3","0"
"TXK_MN004","2597","20180701","24.4","3","0"
"TXK_MN004","2597","20180702","26.4","3","0"
"TXK_MN004","2597","20180703","28.9","3","0"
"TXK_MN004","2597","20180704","31.1","3","0"
"TXK_MN004","2597","20180705","29.7","3","0"
"TXK_MN004","2597","20180706","27","3","0"
"TXK_MN004","2597","20180707","26.9","3","0"
"TXK_MN004","2597","20180708","26.9","3","0"
"TXK_MN004","2597","20180709","27.2","3","0"
"TXK_MN004","2597","20180710","21.3","3","0"
"TXK_MN004","2597","20180711","20.2","3","0"
"TXK_MN004","2597","20180712","25.3","3","0"
"TXK_MN004","2597","20180713","27.6","3","0"
"TXK_MN004","2597","20180714","28.4","3","0"
"TXK_MN004","2597","20180715","29.5","3","0"
"TXK_MN004","2597","20180716","27.7","3","0"
"TXK_MN004","2597","20180717","30.4","3","0"
"TXK_MN004","2597","20180718","27.7","3","0"
"TXK_MN004","2597","20180719","28.1","3","0"
"TXK_MN004","2597","20180720","29.7","3","0"
"TXK_MN004","2597","20180721","19.8","3","0"
"TXK_MN004","2597","20180722","22.7","3","0"
"TXK_MN004","2597","20180723","29","3","0"
"TXK_MN004","2597","20180724","32.3","3","0"
"TXK_MN004","2597","20180725","34.1","3","0"
"TXK_MN004","2597","20180726","33.5","3","0"
"TXK_MN004","2597","20180727","33.3","3","0"
"TXK_MN004","2597","20180728","31.6","3","0"
"TXK_MN004","2597","20180729","30.1","3","0"
"TXK_MN004","2597","20180730","34.4","3","0"
"TXK_MN004","2597","20180731","36.5","3","0"
"TXK_MN004","2597","20180801","31","3","0"
"TXK_MN004","2597","20180802","32.7","3","0"
"TXK_MN004","2597","20180803","35","3","0"
"TXK_MN004","2597","20180804","34.2","3","0"
"TXK_MN004","2597","20180805","29.9","3","0"
"TXK_MN004","2597","20180806","32.6","3","0"
"TXK_MN004","2597","20180807","35.6","3","0"
"TXK_MN004","2597","20180808","32","3","0"
"TXK_MN004","2597","20180809","34.5","3","0"
"TXK_MN004","2597","20180810","24.3","3","0"
"TXK_MN004","2597","20180811","24.6","3","0"
"TXK_MN004","2597","20180812","28.3","3","0"
"TXK_MN004","2597","20180813","22.8","3","0"
"TXK_MN004","2597","20180814","24.4","3","0"
"TXK_MN004","2597","20180815","24.5","3","0"
"TXK_MN004","2597","20180816","30.1","3","0"
"TXK_MN004","2597","20180817","32.3","3","0"
"TXK_MN004","2597","20180818","28.5","3","0"
"TXK_MN004","2597","20180819","30.2","3","0"
"TXK_MN004","2597","20180820","27","3","0"
"TXK_MN004","2597","20180821","28.1","3","0"
"TXK_MN004","2597","20180822","32.5","3","0"
"TXK_MN004","2597","20180823","31.3","3","0"
"TXK_MN004","2597","20180824","21.4","3","0"
"TXK_MN004","2597","20180825","17.6","3","0"
"TXK_MN004","2597","20180826","19.7","3","0"
"TXK_MN004","2597","20180827","20.4","3","0"
"TXK_MN004","2597","20180828","24.6","3","0"
"TXK_MN004","2597","20180829","29.8","3","0"
"TXK_MN004","2597","20180830","20.2","3","0"
"TXK_MN004","2597","20180831","19.9","3","0"
"TXK_MN004","2597","20180901","21.6","3","0"
"TXK_MN004","2597","20180902","17.2","3","0"
"TXK_MN004","2597","20180903","18","3","0"
"TXK_MN004","2597","20180904","24.9","3","0"
"TXK_MN004","2597","20180905","27.1","3","0"
"TXK_MN004","2597","20180906","26.2","3","0"
"TXK_MN004","2597","20180907","20.9","3","0"
"TXK_MN004","2597","20180908","21.4","3","0"
"TXK_MN004","2597","20180909","23.5","3","0"
"TXK_MN004","2597","20180910","26.6","3","0"
"TXK_MN004","2597","20180911","26.6","3","0"
"TXK_MN004","2597","20180912","30.2","3","0"
"TXK_MN004","2597","20180913","23.1","3","0"
"TXK_MN004","2597","20180914","21.6","3","0"
"TXK_MN004","2597","20180915","20.6","3","0"
"TXK_MN004","2597","20180916","23.8","3","0"
"TXK_MN004","2597","20180917","26.3","3","0"
"TXK_MN004","2597","20180918","29.8","3","0"
"TXK_MN004","2597","20180919","29.1","3","0"
"TXK_MN004","2597","20180920","29","3","0"
"TXK_MN004","2597","20180921","25.6","3","0"
"TXK_MN004","2597","20180922","16.4","3","0"
"TXK_MN004","2597","20180923","20.3","3","0"
"TXK_MN004","2597","20180924","14.1","3","0"
"TXK_MN004","2597","20180925","14.2","3","0"
"TXK_MN004","2597","20180926","16.5","3","0"
"TXK_MN004","2597","20180927","22","3","0"
"TXK_MN004","2597","20180928","19","3","0"
"TXK_MN004","2597","20180929","15.3","3","0"
"TXK_MN004","2597","20180930","17.8","3","0"
"TXK_MN004","2597","20181001","14.6","3","0"
"TXK_MN004","2597","20181002","10.2","3","0"
"TXK_MN004","2597","20181003","15.5","3","0"
"TXK_MN004","2597","20181004","16.6","3","0"
"TXK_MN004","2597","20181005","21.3","3","0"
"TXK_MN004","2597","20181006","22.8","3","0"
"TXK_MN004","2597","20181007","19.2","3","0"
"TXK_MN004","2597","20181008","18.3","3","0"
"TXK_MN004","2597","20181009","20.2","3","0"
"TXK_MN004","2597","20181010","22.6","3","0"
"TXK_MN004","2597","20181011","23.7","3","0"
"TXK_MN004","2597","20181012","24.7","3","0"
"TXK_MN004","2597","20181013","25","3","0"
"TXK_MN004","2597","20181014","22.4","3","0"
"TXK_MN004","2597","20181015","22.6","3","0"
"TXK_MN004","2597","20181016","23.4","3","0"
"TXK_MN004","2597","20181017","22.6","3","0"
"TXK_MN004","2597","20181018","20.4","3","0"
"TXK_MN004","2597","20181019","16.3","3","0"
"TXK_MN004","2597","20181020","17.7","3","0"
"TXK_MN004","2597","20181021","15.3","3","0"
"TXK_MN004","2597","20181022","13.5","3","0"
"TXK_MN004","2597","20181023","11.5","3","0"
"TXK_MN004","2597","20181024","14.9","3","0"
"TXK_MN004","2597","20181025","13.5","3","0"
"TXK_MN004","2597","20181026","12","3","0"
"TXK_MN004","2597","20181027","8.4","3","0"
"TXK_MN004","2597","20181028","5.5","3","0"
"TXK_MN004","2597","20181029","7.4","3","0"
"TXK_MN004","2597","20181030","8.2","3","0"
"TXK_MN004","2597","20181031","10","3","0"
"TXK_MN004","2597","20181101","11.8","3","0"
"TXK_MN004","2597","20181102","14","3","0"
"TXK_MN004","2597","20181103","11.4","3","0"
"TXK_MN004","2597","20181104","10.7","3","0"
"TXK_MN004","2597","20181105","14.5","3","0"
"TXK_MN004","2597","20181106","15.5","3","0"
"TXK_MN004","2597","20181107","8.7","3","0"
"TXK_MN004","2597","20181108","11.5","3","0"
"TXK_MN004","2597","20181109","9.5","3","0"
"TXK_MN004","2597","20181110","10.5","3","0"
"TXK_MN004","2597","20181111","15","3","0"
"TXK_MN004","2597","20181112","11.7","3","0"
"TXK_MN004","2597","20181113","11.8","3","0"
"TXK_MN004","2597","20181114","6.8","3","0"
"TXK_MN004","2597","20181115","6.6","3","0"
"TXK_MN004","2597","20181116","8.1","3","0"
"TXK_MN004","2597","20181117","9.8","3","0"
"TXK_MN004","2597","20181118","7.6","3","0"
"TXK_MN004","2597","20181119","4","3","0"
"TXK_MN004","2597","20181120","2.8","3","0"
"TXK_MN004","2597","20181121","3.4","3","0"
"TXK_MN004","2597","20181122","3.9","3","0"
"TXK_MN004","2597","20181123","2.5","3","0"
"TXK_MN004","2597","20181124","3.7","3","0"
"TXK_MN004","2597","20181125","5.5","3","0"
"TXK_MN004","2597","20181126","5.4","3","0"
"TXK_MN004","2597","20181127","2.8","3","0"
"TXK_MN004","2597","20181128","2.8","3","0"
"TXK_MN004","2597","20181129","4.1","3","0"
"TXK_MN004","2597","20181130","1.7","3","0"
"TXK_MN004","2597","20181201","6.4","3","0"
"TXK_MN004","2597","20181202","11.6","3","0"
"TXK_MN004","2597","20181203","12.1","3","0"
"TXK_MN004","2597","20181204","10.3","3","0"
"TXK_MN004","2597","20181205","1.7","3","0"
"TXK_MN004","2597","20181206","10.2","3","0"
"TXK_MN004","2597","20181207","11.6","3","0"
"TXK_MN004","2597","20181208","7.8","3","0"
"TXK_MN004","2597","20181209","8.2","3","0"
"TXK_MN004","2597","20181210","5.1","3","0"
"TXK_MN004","2597","20181211","4.2","3","0"
"TXK_MN004","2597","20181212","5","3","0"
"TXK_MN004","2597","20181213","1.3","3","0"
"TXK_MN004","2597","20181214","-0.5","3","0"
"TXK_MN004","2597","20181215","-0.7","3","0"
"TXK_MN004","2597","20181216","-0.7","3","0"
"TXK_MN004","2597","20181217","3.8","3","0"
"TXK_MN004","2597","20181218","6.2","3","0"
"TXK_MN004","2597","20181219","1.6","3","0"
"TXK_MN004","2597","20181220","6","3","0"
"TXK_MN004","2597","20181221","11.8","3","0"
"TXK_MN004","2597","20181222","11.3","3","0"
"TXK_MN004","2597","20181223","8.4","3","0"
"TXK_MN004","2597","20181224","6.2","3","0"
"TXK_MN004","2597","20181225","3.1","3","0"
"TXK_MN004","2597","20181226","1.5","3","0"
"TXK_MN004","2597","20181227","3.5","3","0"
"TXK_MN004","2597","20181228","0.2","3","0"
"TXK_MN004","2597","20181229","3.8","3","0"
"TXK_MN004","2597","20181230","6.9","3","0"
"TXK_MN004","2597","20181231","7.7","3","0"
"TXK_MN004","2597","20190101","7.1","0","3"
"TXK_MN004","2597","20190102","3.9","0","3"
"TXK_MN004","2597","20190103","1.4","0","3"
"TXK_MN004","2597","20190104","2.2","0","3"
"TXK_MN004","2597","20190105","7.2","0","3"
"TXK_MN004","2597","20190106","7.4","0","3"
"TXK_MN004","2597","20190107","5.4","0","3"
"TXK_MN004","2597","20190108","5.5","0","3"
"TXK_MN004","2597","20190109","3.3","0","3"
"TXK_MN004","2597","20190110","1.8","0","3"
"TXK_MN004","2597","20190111","2.1","0","3"
"TXK_MN004","2597","20190112","4.2","0","3"
"TXK_MN004","2597","20190113","8.3","0","3"
"TXK_MN004","2597","20190114","6.1","0","3"
"TXK_MN004","2597","20190115","4.8","0","3"
"TXK_MN004","2597","20190116","4.5","0","3"
"TXK_MN004","2597","20190117","6.4","0","3"
"TXK_MN004","2597","20190118","2.6","0","3"
"TXK_MN004","2597","20190119","-0.2","0","3"
"TXK_MN004","2597","20190120","-0.8","0","3"
"TXK_MN004","2597","20190121","0","0","3"
"TXK_MN004","2597","20190122","-3.7","0","3"
"TXK_MN004","2597","20190123","-3.6","0","3"
"TXK_MN004","2597","20190124","-2.9","0","3"
"TXK_MN004","2597","20190125","-1","0","3"
"TXK_MN004","2597","20190126","3.6","0","3"
"TXK_MN004","2597","20190127","5.6","0","3"
"TXK_MN004","2597","20190128","2","0","3"
"TXK_MN004","2597","20190129","1.3","0","3"
"TXK_MN004","2597","20190130","1.8","0","3"
"TXK_MN004","2597","20190131","1.9","0","3"
"TXK_MN004","2597","20190201","1.5","0","3"
"TXK_MN004","2597","20190202","2.5","0","3"
"TXK_MN004","2597","20190203","2","0","3"
"TXK_MN004","2597","20190204","3.4","0","3"
"TXK_MN004","2597","20190205","2.7","0","3"
"TXK_MN004","2597","20190206","1.1","0","3"
"TXK_MN004","2597","20190207","0.3","0","3"
"TXK_MN004","2597","20190208","7.2","0","3"
"TXK_MN004","2597","20190209","8.2","0","3"
"TXK_MN004","2597","20190210","8.7","0","3"
"TXK_MN004","2597","20190211","5.7","0","3"
"TXK_MN004","2597","20190212","4.1","0","3"
"TXK_MN004","2597","20190213","7.7","0","3"
"TXK_MN004","2597","20190214","8.6","0","3"
"TXK_MN004","2597","20190215","11.2","0","3"
"TXK_MN004","2597","20190216","11.7","0","3"
"TXK_MN004","2597","20190217","11.2","0","3"
"TXK_MN004","2597","20190218","12.4","0","3"
"TXK_MN004","2597","20190219","8.4","0","3"
"TXK_MN004","2597","20190220","9.2","0","3"
"TXK_MN004","2597","20190221","10.7","0","3"
"TXK_MN004","2597","20190222","10.8","0","3"
"TXK_MN004","2597","20190223","6.5","0","3"
"TXK_MN004","2597","20190224","11.9","0","3"
"TXK_MN004","2597","20190225","15.4","0","3"
"TXK_MN004","2597","20190226","18.2","0","3"
"TXK_MN004","2597","20190227","17","0","3"
"TXK_MN004","2597","20190228","15.3","0","3"
"TXK_MN004","2597","20190301","10.6","0","3"
"TXK_MN004","2597","20190302","8.2","0","3"
"TXK_MN004","2597","20190303","11","0","3"
"TXK_MN004","2597","20190304","13","0","3"
"TXK_MN004","2597","20190305","6.5","0","3"
"TXK_MN004","2597","20190306","13.6","0","3"
"TXK_MN004","2597","20190307","11.7","0","3"
"TXK_MN004","2597","20190308","8.7","0","3"
"TXK_MN004","2597","20190309","10.6","0","3"
"TXK_MN004","2597","20190310","12.1","0","3"
"TXK_MN004","2597","20190311","4.8","0","3"
"TXK_MN004","2597","20190312","8.1","0","3"
"TXK_MN004","2597","20190313","7.8","0","3"
"TXK_MN004","2597","20190314","6.4","0","3"
"TXK_MN004","2597","20190315","11.3","0","3"
"TXK_MN004","2597","20190316","10.4","0","3"
"TXK_MN004","2597","20190317","10.9","0","3"
"TXK_MN004","2597","20190318","7.3","0","3"
"TXK_MN004","2597","20190319","8.8","0","3"
"TXK_MN004","2597","20190320","12.3","0","3"
"TXK_MN004","2597","20190321","15.2","0","3"
"TXK_MN004","2597","20190322","18.7","0","3"
"TXK_MN004","2597","20190323","19.3","0","3"
"TXK_MN004","2597","20190324","11.5","0","3"
"TXK_MN004","2597","20190325","7.5","0","3"
"TXK_MN004","2597","20190326","7.6","0","3"
"TXK_MN004","2597","20190327","11.3","0","3"
"TXK_MN004","2597","20190328","12.6","0","3"
"TXK_MN004","2597","20190329","15.8","0","3"
"TXK_MN004","2597","20190330","19","0","3"
"TXK_MN004","2597","20190331","17","0","3"
"TXK_MN004","2597","20190401","15.4","0","3"
"TXK_MN004","2597","20190402","18.8","0","3"
"TXK_MN004","2597","20190403","14.9","0","3"
"TXK_MN004","2597","20190404","11.1","0","3"
"TXK_MN004","2597","20190405","9.5","0","3"
"TXK_MN004","2597","20190406","18.4","0","3"
"TXK_MN004","2597","20190407","18.9","0","3"
"TXK_MN004","2597","20190408","17.8","0","3"
"TXK_MN004","2597","20190409","17.1","0","3"
"TXK_MN004","2597","20190410","13.2","0","3"
"TXK_MN004","2597","20190411","9.8","0","3"
"TXK_MN004","2597","20190412","6.2","0","3"
"TXK_MN004","2597","20190413","7","0","3"
"TXK_MN004","2597","20190414","8.5","0","3"
"TXK_MN004","2597","20190415","15.5","0","3"
"TXK_MN004","2597","20190416","18.9","0","3"
"TXK_MN004","2597","20190417","19.1","0","3"
"TXK_MN004","2597","20190418","20.8","0","3"
"TXK_MN004","2597","20190419","22.3","0","3"
"TXK_MN004","2597","20190420","23.5","0","3"
"TXK_MN004","2597","20190421","23","0","3"
"TXK_MN004","2597","20190422","23.1","0","3"
"TXK_MN004","2597","20190423","20.9","0","3"
"TXK_MN004","2597","20190424","25.8","0","3"
"TXK_MN004","2597","20190425","25.9","0","3"
"TXK_MN004","2597","20190426","13.7","0","3"
"TXK_MN004","2597","20190427","13.4","0","3"
"TXK_MN004","2597","20190428","11.8","0","3"
"TXK_MN004","2597","20190429","11.4","0","3"
"TXK_MN004","2597","20190430","17","0","3"
"TXK_MN004","2597","20190501","18.5","0","3"
"TXK_MN004","2597","20190502","17.9","0","3"
"TXK_MN004","2597","20190503","12.3","0","3"
"TXK_MN004","2597","20190504","8.2","0","3"
"TXK_MN004","2597","20190505","10.4","0","3"
"TXK_MN004","2597","20190506","10.5","0","3"
"TXK_MN004","2597","20190507","12","0","3"
"TXK_MN004","2597","20190508","12.1","0","3"
"TXK_MN004","2597","20190509","13","0","3"
"TXK_MN004","2597","20190510","17","0","3"
"TXK_MN004","2597","20190511","12.7","0","3"
"TXK_MN004","2597","20190512","13.8","0","3"
"TXK_MN004","2597","20190513","14.7","0","3"
"TXK_MN004","2597","20190514","13.3","0","3"
"TXK_MN004","2597","20190515","12","0","3"
"TXK_MN004","2597","20190516","10.9","0","3"
"TXK_MN004","2597","20190517","18.3","0","3"
"TXK_MN004","2597","20190518","22.6","0","3"
"TXK_MN004","2597","20190519","23.6","0","3"
"TXK_MN004","2597","20190520","20.5","0","3"
"TXK_MN004","2597","20190521","17.1","0","3"
"TXK_MN004","2597","20190522","15.1","0","3"
"TXK_MN004","2597","20190523","20","0","3"
"TXK_MN004","2597","20190524","21.5","0","3"
"TXK_MN004","2597","20190525","22.3","0","3"
"TXK_MN004","2597","20190526","21.4","0","3"
"TXK_MN004","2597","20190527","18.5","0","3"
"TXK_MN004","2597","20190528","15.5","0","3"
"TXK_MN004","2597","20190529","16.6","0","3"
"TXK_MN004","2597","20190530","19.9","0","3"
"TXK_MN004","2597","20190531","22.5","0","3"
"TXK_MN004","2597","20190601","26.1","0","3"
"TXK_MN004","2597","20190602","28.1","0","3"
"TXK_MN004","2597","20190603","29.1","0","3"
"TXK_MN004","2597","20190604","28.4","0","3"
"TXK_MN004","2597","20190605","30.6","0","3"
"TXK_MN004","2597","20190606","19.9","0","3"
"TXK_MN004","2597","20190607","25.7","0","3"
"TXK_MN004","2597","20190608","19.5","0","3"
"TXK_MN004","2597","20190609","23.9","0","3"
"TXK_MN004","2597","20190610","22.6","0","3"
"TXK_MN004","2597","20190611","23.2","0","3"
"TXK_MN004","2597","20190612","19.8","0","3"
"TXK_MN004","2597","20190613","22.7","0","3"
"TXK_MN004","2597","20190614","25.8","0","3"
"TXK_MN004","2597","20190615","23.4","0","3"
"TXK_MN004","2597","20190616","19.2","0","3"
"TXK_MN004","2597","20190617","26.1","0","3"
"TXK_MN004","2597","20190618","28.1","0","3"
"TXK_MN004","2597","20190619","29.5","0","3"
"TXK_MN004","2597","20190620","24.5","0","3"
"TXK_MN004","2597","20190621","24.2","0","3"
"TXK_MN004","2597","20190622","25.9","0","3"
"TXK_MN004","2597","20190623","28.1","0","3"
"TXK_MN004","2597","20190624","30.5","0","3"
"TXK_MN004","2597","20190625","32.2","0","3"
"TXK_MN004","2597","20190626","35.1","3","3"
"TXK_MN004","2597","20190627","29","0","3"
"TXK_MN004","2597","20190628","27.8","0","3"
"TXK_MN004","2597","20190629","32.3","0","3"
"TXK_MN004","2597","20190630","35.3","3","3"
"TXK_MN004","2597","20190701","27.7","0","3"
"TXK_MN004","2597","20190702","24.2","0","3"
"TXK_MN004","2597","20190703","23.6","0","3"
"TXK_MN004","2597","20190704","25.7","0","3"
"TXK_MN004","2597","20190705","26.5","0","3"
"TXK_MN004","2597","20190706","29.6","0","3"
"TXK_MN004","2597","20190707","21.5","0","3"
"TXK_MN004","2597","20190708","20.1","0","3"
"TXK_MN004","2597","20190709","19.3","0","3"
"TXK_MN004","2597","20190710","24.2","0","3"
"TXK_MN004","2597","20190711","16.5","0","3"
"TXK_MN004","2597","20190712","24.2","0","3"
"TXK_MN004","2597","20190713","19.4","0","3"
"TXK_MN004","2597","20190714","20.1","0","3"
"TXK_MN004","2597","20190715","23.1","0","3"
"TXK_MN004","2597","20190716","25","0","3"
"TXK_MN004","2597","20190717","25.7","0","3"
"TXK_MN004","2597","20190718","27.6","0","3"
"TXK_MN004","2597","20190719","24.5","0","3"
"TXK_MN004","2597","20190720","31.8","0","3"
"TXK_MN004","2597","20190721","28.9","0","3"
"TXK_MN004","2597","20190722","30","0","3"
"TXK_MN004","2597","20190723","33.9","0","3"
"TXK_MN004","2597","20190724","36.1","0","3"
"TXK_MN004","2597","20190725","38.3","0","3"
"TXK_MN004","2597","20190726","37.2","0","3"
"TXK_MN004","2597","20190727","28.3","0","3"
"TXK_MN004","2597","20190728","28","0","3"
"TXK_MN004","2597","20190729","23.2","0","3"
"TXK_MN004","2597","20190730","28.4","0","3"
"TXK_MN004","2597","20190731","25.9","0","3"
"TXK_MN004","2597","20190801","25.4","0","3"
"TXK_MN004","2597","20190802","24.6","0","3"
"TXK_MN004","2597","20190803","24.1","0","3"
"TXK_MN004","2597","20190804","26.9","0","3"
"TXK_MN004","2597","20190805","24.4","0","3"
"TXK_MN004","2597","20190806","23.2","0","3"
"TXK_MN004","2597","20190807","21.5","0","3"
"TXK_MN004","2597","20190808","25","0","3"
"TXK_MN004","2597","20190809","28.9","0","3"
"TXK_MN004","2597","20190810","24.9","0","3"
"TXK_MN004","2597","20190811","28","0","3"
"TXK_MN004","2597","20190812","22.1","0","3"
"TXK_MN004","2597","20190813","20.4","0","3"
"TXK_MN004","2597","20190814","21.9","0","3"
"TXK_MN004","2597","20190815","19.8","0","3"
"TXK_MN004","2597","20190816","23.4","0","3"
"TXK_MN004","2597","20190817","21.4","0","3"
"TXK_MN004","2597","20190818","29.5","0","3"
"TXK_MN004","2597","20190819","24.7","0","3"
"TXK_MN004","2597","20190820","20.5","0","3"
"TXK_MN004","2597","20190821","23","0","3"
"TXK_MN004","2597","20190822","25.9","0","3"
"TXK_MN004","2597","20190823","28.3","0","3"
"TXK_MN004","2597","20190824","28.4","0","3"
"TXK_MN004","2597","20190825","31.1","0","3"
"TXK_MN004","2597","20190826","31.4","0","3"
"TXK_MN004","2597","20190827","30.8","0","3"
"TXK_MN004","2597","20190828","30.9","0","3"
"TXK_MN004","2597","20190829","30","0","3"
"TXK_MN004","2597","20190830","29.3","0","3"
"TXK_MN004","2597","20190831","31","0","3"
"TXK_MN004","2597","20190901","25.1","0","3"
"TXK_MN004","2597","20190902","20.3","0","3"
"TXK_MN004","2597","20190903","23.6","0","3"
"TXK_MN004","2597","20190904","26","0","3"
"TXK_MN004","2597","20190905","20.5","0","3"
"TXK_MN004","2597","20190906","20","0","3"
"TXK_MN004","2597","20190907","17.3","0","3"
"TXK_MN004","2597","20190908","17.8","0","3"
"TXK_MN004","2597","20190909","16.3","0","3"
"TXK_MN004","2597","20190910","18.9","0","3"
"TXK_MN004","2597","20190911","21.9","0","3"
"TXK_MN004","2597","20190912","22.1","0","3"
"TXK_MN004","2597","20190913","22","0","3"
"TXK_MN004","2597","20190914","22.8","0","3"
"TXK_MN004","2597","20190915","26.1","0","3"
"TXK_MN004","2597","20190916","21","0","3"
"TXK_MN004","2597","20190917","19.3","0","3"
"TXK_MN004","2597","20190918","17.2","0","3"
"TXK_MN004","2597","20190919","15.8","0","3"
"TXK_MN004","2597","20190920","17.7","0","3"
"TXK_MN004","2597","20190921","22.9","0","3"
"TXK_MN004","2597","20190922","24.7","0","3"
"TXK_MN004","2597","20190923","16.2","0","3"
"TXK_MN004","2597","20190924","17","0","3"
"TXK_MN004","2597","20190925","17.2","0","3"
"TXK_MN004","2597","20190926","17.2","0","3"
"TXK_MN004","2597","20190927","15.6","0","3"
"TXK_MN004","2597","20190928","16.8","0","3"
"TXK_MN004","2597","20190929","19.4","0","3"
"TXK_MN004","2597","20190930","16.1","0","3"
"TXK_MN004","2597","20191001","17.6","0","3"
"TXK_MN004","2597","20191002","14.4","0","3"
"TXK_MN004","2597","20191003","12.5","0","3"
"TXK_MN004","2597","20191004","11.1","0","3"
"TXK_MN004","2597","20191005","12.5","0","3"
"TXK_MN004","2597","20191006","9.7","0","3"
"TXK_MN004","2597","20191007","10.7","0","3"
"TXK_MN004","2597","20191008","12.8","0","3"
"TXK_MN004","2597","20191009","14","0","3"
"TXK_MN004","2597","20191010","12.9","0","3"
"TXK_MN004","2597","20191011","15.2","0","3"
"TXK_MN004","2597","20191012","21.7","0","3"
"TXK_MN004","2597","20191013","24.4","0","3"
"TXK_MN004","2597","20191014","23.1","0","3"
"TXK_MN004","2597","20191015","19.4","0","3"
"TXK_MN004","2597","20191016","13.7","0","3"
"TXK_MN004","2597","20191017","15.4","0","3"
"TXK_MN004","2597","20191018","17","0","3"
"TXK_MN004","2597","20191019","14.6","0","3"
"TXK_MN004","2597","20191020","17.6","0","3"
"TXK_MN004","2597","20191021","17.4","0","3"
"TXK_MN004","2597","20191022","18.8","0","3"
"TXK_MN004","2597","20191023","14.7","0","3"
"TXK_MN004","2597","20191024","15.6","0","3"
"TXK_MN004","2597","20191025","16","0","3"
"TXK_MN004","2597","20191026","17.5","0","3"
"TXK_MN004","2597","20191027","14.9","0","3"
"TXK_MN004","2597","20191028","9.6","0","3"
"TXK_MN004","2597","20191029","8.9","0","3"
"TXK_MN004","2597","20191030","7.7","0","3"
"TXK_MN004","2597","20191031","7.6","0","3"
"TXK_MN004","2597","20191101","4.4","0","3"
"TXK_MN004","2597","20191102","14.2","0","3"
"TXK_MN004","2597","20191103","13.7","0","3"
"TXK_MN004","2597","20191104","10.7","0","3"
"TXK_MN004","2597","20191105","10.6","0","3"
"TXK_MN004","2597","20191106","9.6","0","3"
"TXK_MN004","2597","20191107","10.6","0","3"
"TXK_MN004","2597","20191108","7.8","0","3"
"TXK_MN004","2597","20191109","7.6","0","3"
"TXK_MN004","2597","20191110","4","0","3"
"TXK_MN004","2597","20191111","3.4","0","3"
"TXK_MN004","2597","20191112","8.2","0","3"
"TXK_MN004","2597","20191113","5.6","0","3"
"TXK_MN004","2597","20191114","7.2","0","3"
"TXK_MN004","2597","20191115","7.5","0","3"
"TXK_MN004","2597","20191116","5.6","0","3"
"TXK_MN004","2597","20191117","7.8","0","3"
"TXK_MN004","2597","20191118","6.4","0","3"
"TXK_MN004","2597","20191119","5.1","0","3"
"TXK_MN004","2597","20191120","5","0","3"
"TXK_MN004","2597","20191121","5.2","0","3"
"TXK_MN004","2597","20191122","4.3","0","3"
"TXK_MN004","2597","20191123","9.3","0","3"
"TXK_MN004","2597","20191124","8.2","0","3"
"TXK_MN004","2597","20191125","4","0","3"
"TXK_MN004","2597","20191126","7.3","0","3"
"TXK_MN004","2597","20191127","10.4","0","3"
"TXK_MN004","2597","20191128","10.5","0","3"
"TXK_MN004","2597","20191129","8.5","0","3"
"TXK_MN004","2597","20191130","5.9","0","3"
"TXK_MN004","2597","20191201","2.2","0","3"
"TXK_MN004","2597","20191202","4","0","3"
"TXK_MN004","2597","20191203","4.7","0","3"
"TXK_MN004","2597","20191204","3.5","0","3"
"TXK_MN004","2597","20191205","0.6","0","3"
"TXK_MN004","2597","20191206","4.3","0","3"
"TXK_MN004","2597","20191207","9.3","0","3"
"TXK_MN004","2597","20191208","9.8","0","3"
"TXK_MN004","2597","20191209","8","0","3"
"TXK_MN004","2597","20191210","4.7","0","3"
"TXK_MN004","2597","20191211","1.7","0","3"
"TXK_MN004","2597","20191212","2.6","0","3"
"TXK_MN004","2597","20191213","4.1","0","3"
"TXK_MN004","2597","20191214","6.7","0","3"
"TXK_MN004","2597","20191215","10.2","0","3"
"TXK_MN004","2597","20191216","9","0","3"
"TXK_MN004","2597","20191217","8.7","0","3"
"TXK_MN004","2597","20191218","10.1","0","3"
"TXK_MN004","2597","20191219","7.6","0","3"
"TXK_MN004","2597","20191220","6.7","0","3"
"TXK_MN004","2597","20191221","7","0","3"
"TXK_MN004","2597","20191222","7.2","0","3"
"TXK_MN004","2597","20191223","7.9","0","3"
"TXK_MN004","2597","20191224","7.6","0","3"
"TXK_MN004","2597","20191225","7.7","0","3"
"TXK_MN004","2597","20191226","6.8","0","3"
"TXK_MN004","2597","20191227","5.7","0","3"
"TXK_MN004","2597","20191228","2.1","0","3"
"TXK_MN004","2597","20191229","1","0","3"
"TXK_MN004","2597","20191230","2.9","0","3"
"TXK_MN004","2597","20191231","2.6","0","3"
"TXK_MN004","2597","20200101","-1.8","0","3"
"TXK_MN004","2597","20200102","-1.2","0","3"
"TXK_MN004","2597","20200103","7.5","0","3"
"TXK_MN004","2597","20200104","6","0","3"
"TXK_MN004","2597","20200105","3.8","0","3"
"TXK_MN004","2597","20200106","2.7","0","3"
"TXK_MN004","2597","20200107","4.3","0","3"
"TXK_MN004","2597","20200108","4.8","0","3"
"TXK_MN004","2597","20200109","9.6","0","3"
"TXK_MN004","2597","20200110","9.1","0","3"
"TXK_MN004","2597","20200111","5.7","0","3"
"TXK_MN004","2597","20200112","3.8","0","3"
"TXK_MN004","2597","20200113","5.1","0","3"
"TXK_MN004","2597","20200114","9.4","0","3"
"TXK_MN004","2597","20200115","11.7","0","3"
"TXK_MN004","2597","20200116","11.3","0","3"
"TXK_MN004","2597","20200117","4.6","0","3"
"TXK_MN004","2597","20200118","6","0","3"
"TXK_MN004","2597","20200119","4.9","0","3"
"TXK_MN004","2597","20200120","5","0","3"
"TXK_MN004","2597","20200121","5.4","0","3"
"TXK_MN004","2597","20200122","-1.5","0","3"
"TXK_MN004","2597","20200123","1.6","0","3"
"TXK_MN004","2597","20200124","-0.6","0","3"
"TXK_MN004","2597","20200125","-0.1","0","3"
"TXK_MN004","2597","20200126","1.2","0","3"
"TXK_MN004","2597","20200127","6","0","3"
"TXK_MN004","2597","20200128","5.9","0","3"
"TXK_MN004","2597","20200129","4.4","0","3"
"TXK_MN004","2597","20200130","8.6","0","3"
"TXK_MN004","2597","20200131","13.6","0","3"
"TXK_MN004","2597","20200201","12.3","0","3"
"TXK_MN004","2597","20200202","12.5","0","3"
"TXK_MN004","2597","20200203","10.9","0","3"
"TXK_MN004","2597","20200204","6","0","3"
"TXK_MN004","2597","20200205","6.2","0","3"
"TXK_MN004","2597","20200206","3.4","0","3"
"TXK_MN004","2597","20200207","3.7","0","3"
"TXK_MN004","2597","20200208","4.5","0","3"
"TXK_MN004","2597","20200209","13.1","0","3"
"TXK_MN004","2597","20200210","13.8","0","3"
"TXK_MN004","2597","20200211","6.6","0","3"
"TXK_MN004","2597","20200212","5.6","0","3"
"TXK_MN004","2597","20200213","4.6","0","3"
"TXK_MN004","2597","20200214","6.8","0","3"
"TXK_MN004","2597","20200215","10","0","3"
"TXK_MN004","2597","20200216","16","0","3"
"TXK_MN004","2597","20200217","15.8","0","3"
"TXK_MN004","2597","20200218","7.3","0","3"
"TXK_MN004","2597","20200219","6.2","0","3"
"TXK_MN004","2597","20200220","8.2","0","3"
"TXK_MN004","2597","20200221","7.4","0","3"
"TXK_MN004","2597","20200222","11.9","0","3"
"TXK_MN004","2597","20200223","11.8","0","3"
"TXK_MN004","2597","20200224","10.1","0","3"
"TXK_MN004","2597","20200225","9.1","0","3"
"TXK_MN004","2597","20200226","4.2","0","3"
"TXK_MN004","2597","20200227","4.3","0","3"
"TXK_MN004","2597","20200228","4.9","0","3"
"TXK_MN004","2597","20200229","12","0","3"
"TXK_MN004","2597","20200301","10.2","0","3"
"TXK_MN004","2597","20200302","10","0","3"
"TXK_MN004","2597","20200303","6.3","0","3"
"TXK_MN004","2597","20200304","6.9","0","3"
"TXK_MN004","2597","20200305","6.8","0","3"
"TXK_MN004","2597","20200306","7.2","0","3"
"TXK_MN004","2597","20200307","6.5","0","3"
"TXK_MN004","2597","20200308","9.6","0","3"
"TXK_MN004","2597","20200309","10.7","0","3"
"TXK_MN004","2597","20200310","11.1","0","3"
"TXK_MN004","2597","20200311","12.3","0","3"
"TXK_MN004","2597","20200312","13","0","3"
"TXK_MN004","2597","20200313","9.1","0","3"
"TXK_MN004","2597","20200314","9.3","0","3"
"TXK_MN004","2597","20200315","12","0","3"
"TXK_MN004","2597","20200316","16.5","0","3"
"TXK_MN004","2597","20200317","15.3","0","3"
"TXK_MN004","2597","20200318","16.3","0","3"
"TXK_MN004","2597","20200319","18","0","3"
"TXK_MN004","2597","20200320","15","0","3"
"TXK_MN004","2597","20200321","5.6","0","3"
"TXK_MN004","2597","20200322","6.2","0","3"
"TXK_MN004","2597","20200323","6.6","0","3"
"TXK_MN004","2597","20200324","8.4","0","3"
"TXK_MN004","2597","20200325","9.7","0","3"
"TXK_MN004","2597","20200326","10.3","0","3"
"TXK_MN004","2597","20200327","18","0","3"
"TXK_MN004","2597","20200328","16.5","0","3"
"TXK_MN004","2597","20200329","7.3","0","3"
"TXK_MN004","2597","20200330","7.4","0","3"
"TXK_MN004","2597","20200331","6.7","0","3"
"TXK_MN004","2597","20200401","10.6","0","3"
"TXK_MN004","2597","20200402","13.6","0","3"
"TXK_MN004","2597","20200403","11","0","3"
"TXK_MN004","2597","20200404","14","0","3"
"TXK_MN004","2597","20200405","17.5","0","3"
"TXK_MN004","2597","20200406","21.3","0","3"
"TXK_MN004","2597","20200407","22.5","0","3"
"TXK_MN004","2597","20200408","22.1","0","3"
"TXK_MN004","2597","20200409","23","0","3"
"TXK_MN004","2597","20200410","21","0","3"
"TXK_MN004","2597","20200411","19.9","0","3"
"TXK_MN004","2597","20200412","22.6","0","3"
"TXK_MN004","2597","20200413","16.3","0","3"
"TXK_MN004","2597","20200414","10.4","0","3"
"TXK_MN004","2597","20200415","16.2","0","3"
"TXK_MN004","2597","20200416","22.9","0","3"
"TXK_MN004","2597","20200417","23.9","0","3"
"TXK_MN004","2597","20200418","21.7","0","3"
"TXK_MN004","2597","20200419","15.6","0","3"
"TXK_MN004","2597","20200420","17.9","0","3"
"TXK_MN004","2597","20200421","20","0","3"
"TXK_MN004","2597","20200422","20.9","0","3"
"TXK_MN004","2597","20200423","21","0","3"
"TXK_MN004","2597","20200424","21.3","0","3"
"TXK_MN004","2597","20200425","16.5","0","3"
"TXK_MN004","2597","20200426","18.8","0","3"
"TXK_MN004","2597","20200427","22","0","3"
"TXK_MN004","2597","20200428","17","0","3"
"TXK_MN004","2597","20200429","18.4","0","3"
"TXK_MN004","2597","20200430","15.7","0","3"
"TXK_MN004","2597","20200501","12.5","0","3"
"TXK_MN004","2597","20200502","12.4","0","3"
"TXK_MN004","2597","20200503","15.9","0","3"
"TXK_MN004","2597","20200504","16.9","0","3"
"TXK_MN004","2597","20200505","14.3","0","3"
"TXK_MN004","2597","20200506","16.3","0","3"
"TXK_MN004","2597","20200507","21.6","0","3"
"TXK_MN004","2597","20200508","23.7","0","3"
"TXK_MN004","2597","20200509","19.7","0","3"
"TXK_MN004","2597","20200510","24.2","0","3"
"TXK_MN004","2597","20200511","13.2","0","3"
"TXK_MN004","2597","20200512","11.5","0","3"
"TXK_MN004","2597","20200513","13.6","0","3"
"TXK_MN004","2597","20200514","14.5","0","3"
"TXK_MN004","2597","20200515","16.5","0","3"
"TXK_MN004","2597","20200516","19.3","0","3"
"TXK_MN004","2597","20200517","18.6","0","3"
"TXK_MN004","2597","20200518","22.5","0","3"
"TXK_MN004","2597","20200519","24","0","3"
"TXK_MN004","2597","20200520","20.4","0","3"
"TXK_MN004","2597","20200521","23.5","0","3"
"TXK_MN004","2597","20200522","23.5","0","3"
"TXK_MN004","2597","20200523","16.7","0","3"
"TXK_MN004","2597","20200524","16.7","0","3"
"TXK_MN004","2597","20200525","19.3","0","3"
"TXK_MN004","2597","20200526","18","0","3"
"TXK_MN004","2597","20200527","21.9","0","1"
"TXK_MN004","2597","20200528","19.3","0","1"
"TXK_MN004","2597","20200529","20.1","0","1"
"TXK_MN004","2597","20200530","18.7","0","1"
"TXK_MN004","2597","20200531","19.1","0","1"
"TXK_MN004","2597","20200601","24.8","0","1"
"TXK_MN004","2597","20200602","25.8","0","1"
"TXK_MN004","2597","20200603","26.8","0","1"
"TXK_MN004","2597","20200604","16.5","0","1"
"TXK_MN004","2597","20200605","14.8","0","1"
"TXK_MN004","2597","20200606","16.3","0","1"
"TXK_MN004","2597","20200607","16.9","0","1"
"TXK_MN004","2597","20200608","19.3","0","1"
"TXK_MN004","2597","20200609","17.7","0","1"
"TXK_MN004","2597","20200610","18","0","1"
"TXK_MN004","2597","20200611","19.7","0","1"
"TXK_MN004","2597","20200612","26.6","0","1"
"TXK_MN004","2597","20200613","29.5","0","1"
"TXK_MN004","2597","20200614","20.8","0","1"
"TXK_MN004","2597","20200615","17","0","1"
"TXK_MN004","2597","20200616","22","0","1"
"TXK_MN004","2597","20200617","24.6","0","1"
"TXK_MN004","2597","20200618","19.8","0","1"
"TXK_MN004","2597","20200619","23","0","1"
"TXK_MN004","2597","20200620","22.8","0","1"
"TXK_MN004","2597","20200621","24.6","0","1"
"TXK_MN004","2597","20200622","23.6","0","1"
"TXK_MN004","2597","20200623","25.6","0","1"
"TXK_MN004","2597","20200624","25.3","0","1"
"TXK_MN004","2597","20200625","24.9","0","1"
"TXK_MN004","2597","20200626","27.3","0","1"
"TXK_MN004","2597","20200627","27.5","0","1"
"TXK_MN004","2597","20200628","23.9","0","1"
"TXK_MN004","2597","20200629","21.8","0","1"
"TXK_MN004","2597","20200630","20.8","0","1"
"TXK_MN004","2597","20200701","28.2","0","1"
"TXK_MN004","2597","20200702","25.1","0","1"
"TXK_MN004","2597","20200703","22.5","0","1"
"TXK_MN004","2597","20200704","25.2","0","1"
"TXK_MN004","2597","20200705","25.6","0","1"
"TXK_MN004","2597","20200706","20.8","0","1"
"TXK_MN004","2597","20200707","20.8","0","1"
"TXK_MN004","2597","20200708","15","0","1"
"TXK_MN004","2597","20200709","27.7","0","1"
"TXK_MN004","2597","20200710","25.3","0","1"
"TXK_MN004","2597","20200711","21","0","1"
"TXK_MN004","2597","20200712","23.3","0","1"
"TXK_MN004","2597","20200713","25.1","0","1"
"TXK_MN004","2597","20200714","26.9","0","1"
"TXK_MN004","2597","20200715","19.3","0","1"
"TXK_MN004","2597","20200716","16.4","0","1"
"TXK_MN004","2597","20200717","21.9","0","1"
"TXK_MN004","2597","20200718","26","0","1"
"TXK_MN004","2597","20200719","28.3","0","1"
"TXK_MN004","2597","20200720","27","0","1"
"TXK_MN004","2597","20200721","25.4","0","1"
"TXK_MN004","2597","20200722","26.1","0","1"
"TXK_MN004","2597","20200723","26.8","0","1"
"TXK_MN004","2597","20200724","28.3","0","1"
"TXK_MN004","2597","20200725","27","0","1"
"TXK_MN004","2597","20200726","24","0","1"
"TXK_MN004","2597","20200727","29.4","0","1"
"TXK_MN004","2597","20200728","28.3","0","1"
"TXK_MN004","2597","20200729","25.5","0","1"
"TXK_MN004","2597","20200730","29.1","0","1"
"TXK_MN004","2597","20200731","33.3","0","1"
"TXK_MN004","2597","20200801","35.1","0","1"
"TXK_MN004","2597","20200802","25.8","0","1"
"TXK_MN004","2597","20200803","23.2","0","1"
"TXK_MN004","2597","20200804","22.7","0","1"
"TXK_MN004","2597","20200805","26.7","0","1"
"TXK_MN004","2597","20200806","30.2","0","1"
"TXK_MN004","2597","20200807","33","0","1"
